id,title,description,availability,condition,price,link,image_link,additional_image_link,brand,product_type,custom_label_0
KF-ADU-STUDIO,KIKFIA Backyard Studio ADU,"A modern backyard studio with full-height glass doors, an insulated shell and a roof ready for solar panels. Ideal as a home office, creative studio, gym or guest room. Factory-built and customized to your site: choose the layout, size, finishes and colors. Price shown is a starting price; final price depends on options, quantity and delivery location. Contact KIKFIA for a free consultation and a written quote.",available for order,new,,https://kikfia.com/,https://raw.githubusercontent.com/stkvideos3-dot/KIKFIA/17fa2d06be4b09c9c6db312c98af893fc79309bd/meta-catalog/images/adu-backyard-studio.jpg,"https://raw.githubusercontent.com/stkvideos3-dot/KIKFIA/17fa2d06be4b09c9c6db312c98af893fc79309bd/meta-catalog/images/interior-bedroom.jpg,https://raw.githubusercontent.com/stkvideos3-dot/KIKFIA/17fa2d06be4b09c9c6db312c98af893fc79309bd/meta-catalog/images/interior-kitchenette.jpg",KIKFIA,Portable Houses > ADU Houses,Core product
KF-ADU-VERANDA,KIKFIA ADU House with Covered Veranda,"A complete second home with kitchen, bathroom and bedrooms plus a covered front veranda. Built for family members, caregivers or long-term rental income. Factory-built and customized to your site: choose the layout, size, finishes and colors. Price shown is a starting price; final price depends on options, quantity and delivery location. Contact KIKFIA for a free consultation and a written quote.",available for order,new,,https://kikfia.com/,https://raw.githubusercontent.com/stkvideos3-dot/KIKFIA/17fa2d06be4b09c9c6db312c98af893fc79309bd/meta-catalog/images/adu-veranda-house.jpg,"https://raw.githubusercontent.com/stkvideos3-dot/KIKFIA/17fa2d06be4b09c9c6db312c98af893fc79309bd/meta-catalog/images/interior-kitchenette.jpg,https://raw.githubusercontent.com/stkvideos3-dot/KIKFIA/17fa2d06be4b09c9c6db312c98af893fc79309bd/meta-catalog/images/interior-bedroom.jpg",KIKFIA,Portable Houses > ADU Houses,Core product
KF-EXP-20,KIKFIA Expandable House 20 ft,"Ships as a compact unit and unfolds on site into a finished home of about 370 sq ft. Studio to 2-bedroom layouts with kitchen, bathroom and pre-installed wiring and plumbing. Factory-built and customized to your site: choose the layout, size, finishes and colors. Price shown is a starting price; final price depends on options, quantity and delivery location. Contact KIKFIA for a free consultation and a written quote.",available for order,new,,https://kikfia.com/,https://raw.githubusercontent.com/stkvideos3-dot/KIKFIA/17fa2d06be4b09c9c6db312c98af893fc79309bd/meta-catalog/images/expandable-20ft.jpg,"https://raw.githubusercontent.com/stkvideos3-dot/KIKFIA/17fa2d06be4b09c9c6db312c98af893fc79309bd/meta-catalog/images/expandable-resort-row.jpg,https://raw.githubusercontent.com/stkvideos3-dot/KIKFIA/17fa2d06be4b09c9c6db312c98af893fc79309bd/meta-catalog/images/interior-bedroom.jpg,https://raw.githubusercontent.com/stkvideos3-dot/KIKFIA/17fa2d06be4b09c9c6db312c98af893fc79309bd/meta-catalog/images/factory-finishing.jpg",KIKFIA,Portable Houses > Expandable Houses,Core product
KF-EXP-40,KIKFIA Expandable House 40 ft,"Unfolds on site into a finished home of about 745 sq ft with up to 3 bedrooms, a full kitchen and bathroom. Glass-front, veranda and cladding options available. Factory-built and customized to your site: choose the layout, size, finishes and colors. Price shown is a starting price; final price depends on options, quantity and delivery location. Contact KIKFIA for a free consultation and a written quote.",available for order,new,,https://kikfia.com/,https://raw.githubusercontent.com/stkvideos3-dot/KIKFIA/17fa2d06be4b09c9c6db312c98af893fc79309bd/meta-catalog/images/expandable-40ft.jpg,"https://raw.githubusercontent.com/stkvideos3-dot/KIKFIA/17fa2d06be4b09c9c6db312c98af893fc79309bd/meta-catalog/images/expandable-veranda-row.jpg,https://raw.githubusercontent.com/stkvideos3-dot/KIKFIA/17fa2d06be4b09c9c6db312c98af893fc79309bd/meta-catalog/images/expandable-village.jpg,https://raw.githubusercontent.com/stkvideos3-dot/KIKFIA/17fa2d06be4b09c9c6db312c98af893fc79309bd/meta-catalog/images/interior-kitchenette.jpg",KIKFIA,Portable Houses > Expandable Houses,Core product
KF-TINY-CAPSULE,KIKFIA Capsule Tiny House,"A rounded, fully insulated capsule cabin with large windows, built for year-round comfort. Popular for glamping sites, vacation rentals and backyard retreats. Factory-built and customized to your site: choose the layout, size, finishes and colors. Price shown is a starting price; final price depends on options, quantity and delivery location. Contact KIKFIA for a free consultation and a written quote.",available for order,new,,https://kikfia.com/,https://raw.githubusercontent.com/stkvideos3-dot/KIKFIA/17fa2d06be4b09c9c6db312c98af893fc79309bd/meta-catalog/images/capsule-tiny-house.jpg,https://raw.githubusercontent.com/stkvideos3-dot/KIKFIA/17fa2d06be4b09c9c6db312c98af893fc79309bd/meta-catalog/images/capsule-resort-aerial.jpg,KIKFIA,Portable Houses > Tiny Houses,Core product
KF-TINY-CONTAINER,KIKFIA Container Tiny House,"A container-style tiny house with sliding glass doors, a compact kitchen and a full bathroom. Easy to move and ideal for first homes and short-term rentals. Factory-built and customized to your site: choose the layout, size, finishes and colors. Price shown is a starting price; final price depends on options, quantity and delivery location. Contact KIKFIA for a free consultation and a written quote.",available for order,new,,https://kikfia.com/,https://raw.githubusercontent.com/stkvideos3-dot/KIKFIA/17fa2d06be4b09c9c6db312c98af893fc79309bd/meta-catalog/images/container-tiny-house.jpg,"https://raw.githubusercontent.com/stkvideos3-dot/KIKFIA/17fa2d06be4b09c9c6db312c98af893fc79309bd/meta-catalog/images/container-kitchen.jpg,https://raw.githubusercontent.com/stkvideos3-dot/KIKFIA/17fa2d06be4b09c9c6db312c98af893fc79309bd/meta-catalog/images/interior-bedroom.jpg",KIKFIA,Portable Houses > Tiny Houses,Core product
KF-MOD-HOME,KIKFIA Two-Story Modular Home,"A spacious family home built from factory-made modules, with balconies, large windows and your choice of facade finishes. Factory-built and customized to your site: choose the layout, size, finishes and colors. Price shown is a starting price; final price depends on options, quantity and delivery location. Contact KIKFIA for a free consultation and a written quote.",available for order,new,,https://kikfia.com/,https://raw.githubusercontent.com/stkvideos3-dot/KIKFIA/17fa2d06be4b09c9c6db312c98af893fc79309bd/meta-catalog/images/modular-two-story-home.jpg,https://raw.githubusercontent.com/stkvideos3-dot/KIKFIA/17fa2d06be4b09c9c6db312c98af893fc79309bd/meta-catalog/images/site-units-stacked.jpg,KIKFIA,Portable Houses > Modular Homes,Core product
KF-MOD-VILLA,KIKFIA Modern Modular Villa,"A single-story modular villa with floor-to-ceiling glass, a wide deck and open-plan living. Ideal for luxury homes and vacation properties. Factory-built and customized to your site: choose the layout, size, finishes and colors. Price shown is a starting price; final price depends on options, quantity and delivery location. Contact KIKFIA for a free consultation and a written quote.",available for order,new,,https://kikfia.com/,https://raw.githubusercontent.com/stkvideos3-dot/KIKFIA/17fa2d06be4b09c9c6db312c98af893fc79309bd/meta-catalog/images/modular-glass-villa.jpg,https://raw.githubusercontent.com/stkvideos3-dot/KIKFIA/17fa2d06be4b09c9c6db312c98af893fc79309bd/meta-catalog/images/interior-kitchenette.jpg,KIKFIA,Portable Houses > Modular Homes,Core product
KF-GUEST-ROOF,KIKFIA Guest House with Rooftop Terrace,"A private guest suite with bedroom, bathroom and kitchenette, a wraparound deck and an optional rooftop terrace with stairs. Factory-built and customized to your site: choose the layout, size, finishes and colors. Price shown is a starting price; final price depends on options, quantity and delivery location. Contact KIKFIA for a free consultation and a written quote.",available for order,new,,https://kikfia.com/,https://raw.githubusercontent.com/stkvideos3-dot/KIKFIA/17fa2d06be4b09c9c6db312c98af893fc79309bd/meta-catalog/images/guest-house-rooftop.jpg,https://raw.githubusercontent.com/stkvideos3-dot/KIKFIA/17fa2d06be4b09c9c6db312c98af893fc79309bd/meta-catalog/images/guest-house-front.jpg,KIKFIA,Portable Houses > Guest Houses,More solutions
KF-OFFICE,KIKFIA Modular Office Building,"Ready-to-use offices from a single unit to two-story buildings, with glass entries, lighting and power. Ideal for job sites, sales offices and growing teams. Factory-built and customized to your site: choose the layout, size, finishes and colors. Price shown is a starting price; final price depends on options, quantity and delivery location. Contact KIKFIA for a free consultation and a written quote.",available for order,new,,https://kikfia.com/,https://raw.githubusercontent.com/stkvideos3-dot/KIKFIA/17fa2d06be4b09c9c6db312c98af893fc79309bd/meta-catalog/images/modular-office-building.jpg,"https://raw.githubusercontent.com/stkvideos3-dot/KIKFIA/17fa2d06be4b09c9c6db312c98af893fc79309bd/meta-catalog/images/office-single-story.jpg,https://raw.githubusercontent.com/stkvideos3-dot/KIKFIA/17fa2d06be4b09c9c6db312c98af893fc79309bd/meta-catalog/images/office-interior.jpg",KIKFIA,Portable Houses > Portable Offices,More solutions
KF-RESORT,KIKFIA Resort Villas and Hotel Units,"Resort villas, hotel units and glamping cabins that can open in phases and grow with demand. Decks, verandas and themed finishes available. Factory-built and customized to your site: choose the layout, size, finishes and colors. Price shown is a starting price; final price depends on options, quantity and delivery location. Contact KIKFIA for a free consultation and a written quote.",available for order,new,,https://kikfia.com/,https://raw.githubusercontent.com/stkvideos3-dot/KIKFIA/17fa2d06be4b09c9c6db312c98af893fc79309bd/meta-catalog/images/resort-villas.jpg,"https://raw.githubusercontent.com/stkvideos3-dot/KIKFIA/17fa2d06be4b09c9c6db312c98af893fc79309bd/meta-catalog/images/capsule-resort-aerial.jpg,https://raw.githubusercontent.com/stkvideos3-dot/KIKFIA/17fa2d06be4b09c9c6db312c98af893fc79309bd/meta-catalog/images/expandable-resort-row.jpg",KIKFIA,Portable Houses > Resorts and Hospitality,More solutions
KF-COMMERCIAL,KIKFIA Commercial Container Units,"Stackable container units for cafés, shops, showrooms and hotel rooms, delivered with your colors, glazing and branding. Factory-built and customized to your site: choose the layout, size, finishes and colors. Price shown is a starting price; final price depends on options, quantity and delivery location. Contact KIKFIA for a free consultation and a written quote.",available for order,new,,https://kikfia.com/,https://raw.githubusercontent.com/stkvideos3-dot/KIKFIA/17fa2d06be4b09c9c6db312c98af893fc79309bd/meta-catalog/images/commercial-container-units.jpg,https://raw.githubusercontent.com/stkvideos3-dot/KIKFIA/17fa2d06be4b09c9c6db312c98af893fc79309bd/meta-catalog/images/cafe-pavilion.jpg,KIKFIA,Portable Houses > Commercial Buildings,More solutions
KF-SITE-UNITS,KIKFIA Storage and Site Units,"Secure, weather-resistant units for storage, workshops and site facilities. Join side by side or stack up to three levels. Factory-built and customized to your site: choose the layout, size, finishes and colors. Price shown is a starting price; final price depends on options, quantity and delivery location. Contact KIKFIA for a free consultation and a written quote.",available for order,new,,https://kikfia.com/,https://raw.githubusercontent.com/stkvideos3-dot/KIKFIA/17fa2d06be4b09c9c6db312c98af893fc79309bd/meta-catalog/images/site-units-stacked.jpg,https://raw.githubusercontent.com/stkvideos3-dot/KIKFIA/17fa2d06be4b09c9c6db312c98af893fc79309bd/meta-catalog/images/storage-unit.jpg,KIKFIA,Portable Houses > Storage and Industrial,More solutions
KF-CLINIC-SCHOOL,KIKFIA Modular Clinic and Classroom Buildings,"Modular buildings for classrooms, training centers, clinics and staff housing, delivered on tight schedules. Factory-built and customized to your site: choose the layout, size, finishes and colors. Price shown is a starting price; final price depends on options, quantity and delivery location. Contact KIKFIA for a free consultation and a written quote.",available for order,new,,https://kikfia.com/,https://raw.githubusercontent.com/stkvideos3-dot/KIKFIA/17fa2d06be4b09c9c6db312c98af893fc79309bd/meta-catalog/images/clinic-school-building.jpg,https://raw.githubusercontent.com/stkvideos3-dot/KIKFIA/17fa2d06be4b09c9c6db312c98af893fc79309bd/meta-catalog/images/training-room.jpg,KIKFIA,Portable Houses > Schools and Clinics,More solutions
